,0
0,which
1,there
2,their
3,about
4,would
5,these
6,other
7,words
8,could
9,write
10,first
11,water
12,after
13,where
14,right
15,think
16,three
17,years
18,place
19,sound
20,great
21,again
22,still
23,every
24,small
25,found
26,those
27,never
28,under
29,might
30,while
31,house
32,world
33,below
34,asked
35,going
36,large
37,until
38,along
39,shall
40,being
41,often
42,earth
43,began
44,since
45,study
46,night
47,light
48,above
49,paper
50,parts
51,young
52,story
53,point
54,times
55,heard
56,whole
57,white
58,given
59,means
60,music
61,miles
62,thing
63,today
64,later
65,using
66,money
67,lines
68,order
69,group
70,among
71,learn
72,known
73,space
74,table
75,early
76,trees
77,short
78,hands
79,state
80,black
81,shown
82,stood
83,front
84,voice
85,kinds
86,makes
87,comes
88,close
89,power
90,lived
91,vowel
92,taken
93,built
94,heart
95,ready
96,quite
97,class
98,bring
99,round
100,horse
101,shows
102,piece
103,green
104,stand
105,birds
106,start
107,river
108,tried
109,least
110,field
111,whose
112,girls
113,leave
114,added
115,color
116,third
117,hours
118,moved
119,plant
120,doing
121,names
122,forms
123,heavy
124,ideas
125,cried
126,check
127,floor
128,begin
129,woman
130,alone
131,plane
132,spell
133,watch
134,carry
135,wrote
136,clear
137,named
138,books
139,child
140,glass
141,human
142,takes
143,party
144,build
145,seems
146,blood
147,sides
148,seven
149,mouth
150,solve
151,north
152,value
153,death
154,maybe
155,happy
156,tells
157,gives
158,looks
159,shape
160,lives
161,steps
162,areas
163,sense
164,speak
165,force
166,ocean
167,speed
168,women
169,metal
170,south
171,grass
172,scale
173,cells
174,lower
175,sleep
176,wrong
177,pages
178,ships
179,needs
180,rocks
181,eight
182,major
183,level
184,total
185,ahead
186,reach
187,stars
188,store
189,sight
190,terms
191,catch
192,works
193,board
194,cover
195,songs
196,equal
197,stone
198,waves
199,guess
200,dance
201,spoke
202,break
203,cause
204,radio
205,weeks
206,lands
207,basic
208,liked
209,trade
210,fresh
211,final
212,fight
213,meant
214,drive
215,spent
216,local
217,waxes
218,knows
219,train
220,bread
221,homes
222,teeth
223,coast
224,thick
225,brown
226,clean
227,quiet
228,sugar
229,facts
230,steel
231,forth
232,rules
233,notes
234,units
235,peace
236,month
237,verbs
238,seeds
239,helps
240,sharp
241,visit
242,woods
243,chief
244,walls
245,cross
246,wings
247,grown
248,cases
249,foods
250,crops
251,fruit
252,stick
253,wants
254,stage
255,sheep
256,nouns
257,plain
258,drink
259,bones
260,apart
261,turns
262,moves
263,touch
264,angle
265,based
266,range
267,marks
268,tired
269,older
270,farms
271,spend
272,shoes
273,goods
274,chair
275,twice
276,cents
277,empty
278,alike
279,style
280,broke
281,pairs
282,count
283,enjoy
284,score
285,shore
286,roots
287,paint
288,heads
289,shook
290,serve
291,angry
292,crowd
293,wheel
294,quick
295,dress
296,share
297,alive
298,noise
299,solid
300,cloth
301,signs
302,hills
303,types
304,drawn
305,worth
306,truck
307,piano
308,upper
309,loved
310,usual
311,faces
312,drove
313,cabin
314,boats
315,towns
316,proud
317,court
318,model
319,prime
320,fifty
321,plans
322,yards
323,prove
324,tools
325,price
326,sheet
327,smell
328,boxes
329,raise
330,match
331,truth
332,roads
333,threw
334,enemy
335,lunch
336,chart
337,scene
338,graph
339,doubt
340,guide
341,winds
342,block
343,grain
344,smoke
345,mixed
346,games
347,wagon
348,sweet
349,topic
350,extra
351,plate
352,title
353,knife
354,fence
355,falls
356,cloud
357,wheat
358,plays
359,enter
360,broad
361,steam
362,atoms
363,press
364,lying
365,basis
366,clock
367,taste
368,grows
369,thank
370,storm
371,agree
372,brain
373,track
374,smile
375,funny
376,beach
377,stock
378,hurry
379,saved
380,sorry
381,giant
382,trail
383,offer
384,ought
385,rough
386,daily
387,avoid
388,keeps
389,throw
390,allow
391,cream
392,laugh
393,edges
394,teach
395,frame
396,bells
397,dream
398,magic
399,occur
400,ended
401,chord
402,false
403,skill
404,holes
405,dozen
406,brave
407,apple
408,climb
409,outer
410,pitch
411,ruler
412,holds
413,fixed
414,costs
415,calls
416,blank
417,staff
418,labor
419,eaten
420,youth
421,tones
422,honor
423,globe
424,gases
425,doors
426,poles
427,loose
428,apply
429,tears
430,exact
431,brush
432,chest
433,layer
434,whale
435,minor
436,faith
437,tests
438,judge
439,items
440,worry
441,waste
442,hoped
443,strip
444,begun
445,aside
446,lakes
447,bound
448,depth
449,candy
450,event
451,worse
452,aware
453,shell
454,rooms
455,ranch
456,image
457,snake
458,aloud
459,dried
460,likes
461,motor
462,pound
463,knees
464,refer
465,fully
466,chain
467,shirt
468,flour
469,drops
470,spite
471,orbit
472,banks
473,shoot
474,curve
475,tribe
476,tight
477,blind
478,slept
479,shade
480,claim
481,flies
482,theme
483,queen
484,fifth
485,union
486,hence
487,straw
488,entry
489,issue
490,birth
491,feels
492,anger
493,brief
494,rhyme
495,glory
496,guard
497,flows
498,flesh
499,owned
500,trick
501,yours
502,sizes
503,noted
504,width
505,burst
506,route
507,lungs
508,uncle
509,bears
510,royal
511,kings
512,forty
513,trial
514,cards
515,brass
516,opera
517,chose
518,owner
519,vapor
520,beats
521,mouse
522,tough
523,wires
524,meter
525,tower
526,finds
527,inner
528,stuck
529,arrow
530,poems
531,label
532,swing
533,solar
534,truly
535,tense
536,beans
537,split
538,rises
539,weigh
540,hotel
541,stems
542,pride
543,swung
544,grade
545,digit
546,badly
547,boots
548,pilot
549,sales
550,swept
551,lucky
552,prize
553,stove
554,tubes
555,acres
556,wound
557,steep
558,slide
559,trunk
560,error
561,porch
562,slave
563,exist
564,faced
565,mines
566,marry
567,juice
568,raced
569,waved
570,goose
571,trust
572,fewer
573,favor
574,mills
575,views
576,joint
577,eager
578,spots
579,blend
580,rings
581,adult
582,index
583,nails
584,horns
585,balls
586,flame
587,rates
588,drill
589,trace
590,skins
591,waxed
592,seats
593,stuff
594,ratio
595,minds
596,dirty
597,silly
598,coins
599,hello
600,trips
601,leads
602,rifle
603,hopes
604,bases
605,shine
606,bench
607,moral
608,fires
609,meals
610,shake
611,shops
612,cycle
613,movie
614,slope
615,canoe
616,teams
617,folks
618,fired
619,bands
620,thumb
621,shout
622,canal
623,habit
624,reply
625,ruled
626,fever
627,crust
628,shelf
629,walks
630,midst
631,crack
632,print
633,tales
634,coach
635,stiff
636,flood
637,verse
638,awake
639,rocky
640,march
641,fault
642,swift
643,faint
644,civil
645,ghost
646,feast
647,blade
648,limit
649,germs
650,reads
651,ducks
652,dairy
653,worst
654,gifts
655,lists
656,stops
657,rapid
658,brick
659,claws
660,beads
661,beast
662,skirt
663,cakes
664,lions
665,frogs
666,tries
667,nerve
668,grand
669,armed
670,treat
671,honey
672,moist
673,legal
674,penny
675,crown
676,shock
677,taxes
678,sixty
679,altar
680,pulls
681,sport
682,drums
683,talks
684,dying
685,dates
686,drank
687,blows
688,lever
689,wages
690,proof
691,drugs
692,tanks
693,sings
694,tails
695,pause
696,herds
697,arose
698,hated
699,clues
700,novel
701,shame
702,burnt
703,races
704,flash
705,weary
706,heels
707,token
708,coats
709,spare
710,shiny
711,alarm
712,dimes
713,sixth
714,clerk
715,mercy
716,sunny
717,guest
718,float
719,shone
720,pipes
721,worms
722,bills
723,sweat
724,suits
725,smart
726,upset
727,rains
728,sandy
729,rainy
730,parks
731,sadly
732,fancy
733,rider
734,unity
735,bunch
736,rolls
737,crash
738,craft
739,newly
740,gates
741,hatch
742,paths
743,funds
744,wider
745,grace
746,grave
747,tides
748,admit
749,shift
750,sails
751,pupil
752,tiger
753,angel
754,cruel
755,agent
756,drama
757,urged
758,patch
759,nests
760,vital
761,sword
762,blame
763,weeds
764,screw
765,vocal
766,bacon
767,chalk
768,cargo
769,crazy
770,acted
771,goats
772,arise
773,witch
774,loves
775,queer
776,dwell
777,backs
778,ropes
779,shots
780,merry
781,phone
782,cheek
783,peaks
784,ideal
785,beard
786,eagle
787,creek
788,cries
789,ashes
790,stall
791,yield
792,mayor
793,opens
794,input
795,fleet
796,tooth
797,cubic
798,wives
799,burns
800,poets
801,apron
802,spear
803,organ
804,cliff
805,stamp
806,paste
807,rural
808,baked
809,chase
810,slice
811,slant
812,knock
813,noisy
814,sorts
815,stays
816,wiped
817,blown
818,piled
819,clubs
820,cheer
821,widow
822,twist
823,tenth
824,hides
825,comma
826,sweep
827,spoon
828,stern
829,crept
830,maple
831,deeds
832,rides
833,muddy
834,crime
835,jelly
836,ridge
837,drift
838,dusty
839,devil
840,tempo
841,humor
842,sends
843,steal
844,tents
845,waist
846,roses
847,reign
848,noble
849,cheap
850,dense
851,linen
852,geese
853,woven
854,posts
855,hired
856,wrath
857,salad
858,bowed
859,tires
860,shark
861,belts
862,grasp
863,blast
864,polar
865,fungi
866,tends
867,pearl
868,loads
869,jokes
870,veins
871,frost
872,hears
873,loses
874,hosts
875,diver
876,phase
877,toads
878,alert
879,tasks
880,seams
881,coral
882,focus
883,naked
884,puppy
885,jumps
886,spoil
887,quart
888,macro
889,fears
890,flung
891,spark
892,vivid
893,brook
894,steer
895,spray
896,decay
897,ports
898,socks
899,urban
900,goals
901,grant
902,minus
903,films
904,tunes
905,shaft
906,firms
907,skies
908,bride
909,wreck
910,flock
911,stare
912,hobby
913,bonds
914,dared
915,faded
916,thief
917,crude
918,pants
919,flute
920,votes
921,tonal
922,radar
923,wells
924,skull
925,hairs
926,argue
927,wears
928,dolls
929,voted
930,caves
931,cared
932,broom
933,scent
934,panel
935,fairy
936,olive
937,bends
938,prism
939,lamps
940,cable
941,peach
942,ruins
943,rally
944,schwa
945,lambs
946,sells
947,cools
948,draft
949,charm
950,limbs
951,brake
952,gazed
953,cubes
954,delay
955,beams
956,fetch
957,ranks
958,array
959,harsh
960,camel
961,vines
962,picks
963,naval
964,purse
965,rigid
966,crawl
967,toast
968,soils
969,sauce
970,basin
971,ponds
972,twins
973,wrist
974,fluid
975,pools
976,brand
977,stalk
978,robot
979,reeds
980,hoofs
981,buses
982,sheer
983,grief
984,bloom
985,dwelt
986,melts
987,risen
988,flags
989,knelt
990,fiber
991,roofs
992,freed
993,armor
994,piles
995,aimed
996,algae
997,twigs
998,lemon
999,ditch
1000,drunk
1001,rests
1002,chill
1003,slain
1004,panic
1005,cords
1006,tuned
1007,crisp
1008,ledge
1009,dived
1010,swamp
1011,clung
1012,stole
1013,molds
1014,yarns
1015,liver
1016,gauge
1017,breed
1018,stool
1019,gulls
1020,awoke
1021,gross
1022,diary
1023,rails
1024,belly
1025,trend
1026,flask
1027,stake
1028,fried
1029,draws
1030,actor
1031,handy
1032,bowls
1033,haste
1034,scope
1035,deals
1036,knots
1037,moons
1038,essay
1039,thump
1040,hangs
1041,bliss
1042,dealt
1043,gains
1044,bombs
1045,clown
1046,palms
1047,cones
1048,roast
1049,tidal
1050,bored
1051,chant
1052,acids
1053,dough
1054,camps
1055,swore
1056,lover
1057,hooks
1058,males
1059,cocoa
1060,punch
1061,award
1062,reins
1063,ninth
1064,noses
1065,links
1066,drain
1067,fills
1068,nylon
1069,lunar
1070,pulse
1071,flown
1072,elbow
1073,fatal
1074,sites
1075,moths
1076,meats
1077,foxes
1078,mined
1079,attic
1080,fiery
1081,mount
1082,usage
1083,swear
1084,snowy
1085,rusty
1086,scare
1087,traps
1088,relax
1089,react
1090,valid
1091,robin
1092,cease
1093,gills
1094,prior
1095,safer
1096,polio
1097,loyal
1098,swell
1099,salty
1100,marsh
1101,vague
1102,weave
1103,mound
1104,seals
1105,mules
1106,virus
1107,scout
1108,acute
1109,windy
1110,stout
1111,folds
1112,seize
1113,hilly
1114,joins
1115,pluck
1116,stack
1117,lords
1118,dunes
1119,burro
1120,hawks
1121,trout
1122,feeds
1123,scarf
1124,halls
1125,coals
1126,towel
1127,souls
1128,elect
1129,buggy
1130,pumps
1131,loans
1132,spins
1133,files
1134,oxide
1135,pains
1136,photo
1137,rival
1138,flats
1139,syrup
1140,rodeo
1141,sands
1142,moose
1143,pints
1144,curly
1145,comic
1146,cloak
1147,onion
1148,clams
1149,scrap
1150,didst
1151,couch
1152,codes
1153,fails
1154,ounce
1155,lodge
1156,greet
1157,gypsy
1158,utter
1159,paved
1160,zones
1161,fours
1162,alley
1163,tiles
1164,bless
1165,crest
1166,elder
1167,kills
1168,yeast
1169,erect
1170,bugle
1171,medal
1172,roles
1173,hound
1174,snail
1175,alter
1176,ankle
1177,relay
1178,loops
1179,zeros
1180,bites
1181,modes
1182,debts
1183,realm
1184,glove
1185,rayon
1186,swims
1187,poked
1188,stray
1189,lifts
1190,maker
1191,lumps
1192,graze
1193,dread
1194,barns
1195,docks
1196,masts
1197,pours
1198,wharf
1199,curse
1200,plump
1201,robes
1202,seeks
1203,cedar
1204,curls
1205,jolly
1206,myths
1207,cages
1208,gloom
1209,locks
1210,pedal
1211,beets
1212,crows
1213,anode
1214,slash
1215,creep
1216,rowed
1217,chips
1218,fists
1219,wines
1220,cares
1221,valve
1222,newer
1223,motel
1224,ivory
1225,necks
1226,clamp
1227,barge
1228,blues
1229,alien
1230,frown
1231,strap
1232,crews
1233,shack
1234,gonna
1235,saves
1236,stump
1237,ferry
1238,idols
1239,cooks
1240,juicy
1241,glare
1242,carts
1243,alloy
1244,bulbs
1245,lawns
1246,lasts
1247,fuels
1248,oddly
1249,crane
1250,filed
1251,weird
1252,shawl
1253,slips
1254,troop
1255,bolts
1256,suite
1257,sleek
1258,quilt
1259,tramp
1260,blaze
1261,atlas
1262,odors
1263,scrub
1264,crabs
1265,probe
1266,logic
1267,adobe
1268,exile
1269,rebel
1270,grind
1271,sting
1272,spine
1273,cling
1274,desks
1275,grove
1276,leaps
1277,prose
1278,lofty
1279,agony
1280,snare
1281,tusks
1282,bulls
1283,moods
1284,humid
1285,finer
1286,dimly
1287,plank
1288,china
1289,pines
1290,guilt
1291,sacks
1292,brace
1293,quote
1294,lathe
1295,gaily
1296,fonts
1297,scalp
1298,adopt
1299,foggy
1300,ferns
1301,grams
1302,clump
1303,perch
1304,tumor
1305,teens
1306,crank
1307,fable
1308,hedge
1309,genes
1310,sober
1311,boast
1312,tract
1313,cigar
1314,unite
1315,owing
1316,thigh
1317,haiku
1318,swish
1319,dikes
1320,wedge
1321,booth
1322,eased
1323,frail
1324,cough
1325,tombs
1326,darts
1327,forts
1328,choir
1329,pouch
1330,pinch
1331,hairy
1332,buyer
1333,torch
1334,vigor
1335,waltz
1336,heats
1337,herbs
1338,users
1339,flint
1340,click
1341,madam
1342,bleak
1343,blunt
1344,aided
1345,lacks
1346,masks
1347,waded
1348,risks
1349,nurse
1350,chaos
1351,sewed
1352,cured
1353,ample
1354,lease
1355,steak
1356,sinks
1357,merit
1358,bluff
1359,bathe
1360,gleam
1361,bonus
1362,colts
1363,shear
1364,gland
1365,silky
1366,skate
1367,birch
1368,anvil
1369,sleds
1370,groan
1371,maids
1372,meets
1373,speck
1374,hymns
1375,hints
1376,drown
1377,bosom
1378,slick
1379,quest
1380,coils
1381,spied
1382,snows
1383,stead
1384,snack
1385,plows
1386,blond
1387,tamed
1388,thorn
1389,waits
1390,glued
1391,banjo
1392,tease
1393,arena
1394,bulky
1395,carve
1396,stunt
1397,warms
1398,shady
1399,razor
1400,folly
1401,leafy
1402,notch
1403,fools
1404,otter
1405,pears
1406,flush
1407,genus
1408,ached
1409,fives
1410,flaps
1411,spout
1412,smote
1413,fumes
1414,adapt
1415,cuffs
1416,tasty
1417,stoop
1418,clips
1419,disks
1420,sniff
1421,lanes
1422,brisk
1423,imply
1424,demon
1425,super
1426,furry
1427,raged
1428,growl
1429,texts
1430,hardy
1431,stung
1432,typed
1433,hates
1434,wiser
1435,timid
1436,serum
1437,beaks
1438,rotor
1439,casts
1440,baths
1441,glide
1442,plots
1443,trait
1444,resin
1445,slums
1446,lyric
1447,puffs
1448,decks
1449,brood
1450,mourn
1451,aloft
1452,abuse
1453,whirl
1454,edged
1455,ovary
1456,quack
1457,heaps
1458,slang
1459,await
1460,civic
1461,saint
1462,bevel
1463,sonar
1464,aunts
1465,packs
1466,froze
1467,tonic
1468,corps
1469,swarm
1470,frank
1471,repay
1472,gaunt
1473,wired
1474,niece
1475,cello
1476,needy
1477,chuck
1478,stony
1479,media
1480,surge
1481,hurts
1482,repel
1483,husky
1484,dated
1485,hunts
1486,mists
1487,exert
1488,dries
1489,mates
1490,sworn
1491,baker
1492,spice
1493,oasis
1494,boils
1495,spurs
1496,doves
1497,sneak
1498,paces
1499,colon
1500,siege
1501,strum
1502,drier
1503,cacao
1504,humus
1505,bales
1506,piped
1507,nasty
1508,rinse
1509,boxer
1510,shrub
1511,amuse
1512,tacks
1513,cited
1514,slung
1515,delta
1516,laden
1517,larva
1518,rents
1519,yells
1520,spool
1521,spill
1522,crush
1523,jewel
1524,snaps
1525,stain
1526,kicks
1527,tying
1528,slits
1529,rated
1530,eerie
1531,smash
1532,plums
1533,zebra
1534,earns
1535,bushy
1536,scary
1537,squad
1538,tutor
1539,silks
1540,slabs
1541,bumps
1542,evils
1543,fangs
1544,snout
1545,peril
1546,pivot
1547,yacht
1548,lobby
1549,jeans
1550,grins
1551,viola
1552,liner
1553,comet
1554,scars
1555,chops
1556,raids
1557,eater
1558,slate
1559,skips
1560,soles
1561,misty
1562,urine
1563,knobs
1564,sleet
1565,holly
1566,pests
1567,forks
1568,grill
1569,trays
1570,pails
1571,borne
1572,tenor
1573,wares
1574,carol
1575,woody
1576,canon
1577,wakes
1578,kitty
1579,miner
1580,polls
1581,shaky
1582,nasal
1583,scorn
1584,chess
1585,taxis
1586,crate
1587,shyly
1588,tulip
1589,forge
1590,nymph
1591,budge
1592,lowly
1593,abide
1594,depot
1595,oases
1596,asses
1597,sheds
1598,fudge
1599,pills
1600,rivet
1601,thine
1602,groom
1603,lanky
1604,boost
1605,broth
1606,heave
1607,gravy
1608,beech
1609,timed
1610,quail
1611,inert
1612,gears
1613,chick
1614,hinge
1615,trash
1616,clash
1617,sighs
1618,renew
1619,bough
1620,dwarf
1621,slows
1622,quill
1623,shave
1624,spore
1625,sixes
1626,chunk
1627,madly
1628,paced
1629,braid
1630,fuzzy
1631,motto
1632,spies
1633,slack
1634,mucus
1635,magma
1636,awful
1637,discs
1638,erase
1639,posed
1640,asset
1641,cider
1642,taper
1643,theft
1644,churn
1645,satin
1646,slots
1647,taxed
1648,bully
1649,sloth
1650,shale
1651,tread
1652,raked
1653,curds
1654,manor
1655,aisle
1656,bulge
1657,loins
1658,stair
1659,tapes
1660,leans
1661,bunks
1662,squat
1663,towed
1664,lance
1665,panes
1666,sakes
1667,heirs
1668,caste
1669,dummy
1670,pores
1671,fauna
1672,crook
1673,poise
1674,epoch
1675,risky
1676,warns
1677,fling
1678,berry
1679,grape
1680,flank
1681,drags
1682,squid
1683,pelts
1684,icing
1685,irony
1686,irons
1687,barks
1688,whoop
1689,choke
1690,diets
1691,whips
1692,tally
1693,dozed
1694,twine
1695,kites
1696,bikes
1697,ticks
1698,riots
1699,roars
1700,vault
1701,looms
1702,scold
1703,blink
1704,dandy
1705,pupae
1706,sieve
1707,spike
1708,ducts
1709,lends
1710,pizza
1711,brink
1712,widen
1713,plumb
1714,pagan
1715,feats
1716,bison
1717,soggy
1718,scoop
1719,argon
1720,nudge
1721,skiff
1722,amber
1723,sexes
1724,rouse
1725,salts
1726,hitch
1727,exalt
1728,leash
1729,dined
1730,chute
1731,snort
1732,gusts
1733,melon
1734,cheat
1735,reefs
1736,llama
1737,lasso
1738,debut
1739,quota
1740,oaths
1741,prone
1742,mixes
1743,rafts
1744,dives
1745,stale
1746,inlet
1747,flick
1748,pinto
1749,brows
1750,untie
1751,batch
1752,greed
1753,chore
1754,stirs
1755,blush
1756,onset
1757,barbs
1758,volts
1759,beige
1760,swoop
1761,paddy
1762,laced
1763,shove
1764,jerky
1765,poppy
1766,leaks
1767,fares
1768,dodge
1769,godly
1770,squaw
1771,affix
1772,brute
1773,nicer
1774,undue
1775,snarl
1776,merge
1777,doses
1778,showy
1779,daddy
1780,roost
1781,vases
1782,swirl
1783,petty
1784,colds
1785,curry
1786,cobra
1787,genie
1788,flare
1789,messy
1790,cores
1791,soaks
1792,ripen
1793,whine
1794,amino
1795,plaid
1796,spiny
1797,mowed
1798,baton
1799,peers
1800,vowed
1801,pious
1802,swans
1803,exits
1804,afoot
1805,plugs
1806,idiom
1807,chili
1808,rites
1809,serfs
1810,cleft
1811,berth
1812,grubs
1813,annex
1814,dizzy
1815,hasty
1816,latch
1817,wasps
1818,mirth
1819,baron
1820,plead
1821,aloof
1822,aging
1823,pixel
1824,bared
1825,mummy
1826,hotly
1827,auger
1828,buddy
1829,chaps
1830,badge
1831,stark
1832,fairs
1833,gully
1834,mumps
1835,emery
1836,filly
1837,ovens
1838,drone
1839,gauze
1840,idiot
1841,fussy
1842,annoy
1843,shank
1844,gouge
1845,bleed
1846,elves
1847,roped
1848,unfit
1849,baggy
1850,mower
1851,scant
1852,grabs
1853,fleas
1854,lousy
1855,album
1856,sawed
1857,cooky
1858,murky
1859,infer
1860,burly
1861,waged
1862,dingy
1863,brine
1864,kneel
1865,creak
1866,vanes
1867,smoky
1868,spurt
1869,combs
1870,easel
1871,laces
1872,humps
1873,rumor
1874,aroma
1875,horde
1876,swiss
1877,leapt
1878,opium
1879,slime
1880,afire
1881,pansy
1882,mares
1883,soaps
1884,husks
1885,snips
1886,hazel
1887,lined
1888,cafes
1889,naive
1890,wraps
1891,sized
1892,piers
1893,beset
1894,agile
1895,tongs
1896,steed
1897,fraud
1898,booty
1899,valor
1900,downy
1901,witty
1902,mossy
1903,psalm
1904,scuba
1905,tours
1906,polka
1907,milky
1908,gaudy
1909,shrug
1910,tufts
1911,wilds
1912,laser
1913,truss
1914,hares
1915,creed
1916,lilac
1917,siren
1918,tarry
1919,bribe
1920,swine
1921,muted
1922,flips
1923,cures
1924,sinew
1925,boxed
1926,hoops
1927,gasps
1928,hoods
1929,niche
1930,yucca
1931,glows
1932,sewer
1933,whack
1934,fuses
1935,gowns
1936,droop
1937,bucks
1938,pangs
1939,mails
1940,whisk
1941,haven
1942,clasp
1943,sling
1944,stint
1945,urges
1946,champ
1947,piety
1948,chirp
1949,pleat
1950,posse
1951,sunup
1952,menus
1953,howls
1954,quake
1955,knack
1956,plaza
1957,fiend
1958,caked
1959,bangs
1960,erupt
1961,poker
1962,olden
1963,cramp
1964,voter
1965,poses
1966,manly
1967,slump
1968,fined
1969,grips
1970,gaped
1971,purge
1972,hiked
1973,maize
1974,fluff
1975,strut
1976,sloop
1977,prowl
1978,roach
1979,cocks
1980,bland
1981,dials
1982,plume
1983,slaps
1984,soups
1985,dully
1986,wills
1987,foams
1988,solos
1989,skier
1990,eaves
1991,totem
1992,fused
1993,latex
1994,veils
1995,mused
1996,mains
1997,myrrh
1998,racks
1999,galls
2000,gnats
2001,bouts
2002,sisal
2003,shuts
2004,hoses
2005,dryly
2006,hover
2007,gloss
2008,seeps
2009,denim
2010,putty
2011,guppy
2012,leaky
2013,dusky
2014,filth
2015,oboes
2016,spans
2017,fowls
2018,adorn
2019,glaze
2020,haunt
2021,dares
2022,obeys
2023,bakes
2024,abyss
2025,smelt
2026,gangs
2027,aches
2028,trawl
2029,claps
2030,undid
2031,spicy
2032,hoist
2033,fades
2034,vicar
2035,acorn
2036,pussy
2037,gruff
2038,musty
2039,tarts
2040,snuff
2041,hunch
2042,truce
2043,tweed
2044,dryer
2045,loser
2046,sheaf
2047,moles
2048,lapse
2049,tawny
2050,vexed
2051,autos
2052,wager
2053,domes
2054,sheen
2055,clang
2056,spade
2057,sowed
2058,broil
2059,slyly
2060,studs
2061,grunt
2062,donor
2063,slugs
2064,aspen
2065,homer
2066,croak
2067,tithe
2068,halts
2069,avert
2070,havoc
2071,hogan
2072,glint
2073,ruddy
2074,jeeps
2075,flaky
2076,ladle
2077,taunt
2078,snore
2079,fines
2080,props
2081,prune
2082,pesos
2083,radii
2084,pokes
2085,tiled
2086,daisy
2087,heron
2088,villa
2089,farce
2090,binds
2091,cites
2092,fixes
2093,jerks
2094,livid
2095,waked
2096,inked
2097,booms
2098,chews
2099,licks
2100,hyena
2101,scoff
2102,lusty
2103,sonic
2104,smith
2105,usher
2106,tucks
2107,vigil
2108,molts
2109,sects
2110,spars
2111,dumps
2112,scaly
2113,wisps
2114,sores
2115,mince
2116,panda
2117,flier
2118,axles
2119,plied
2120,booby
2121,patio
2122,rabbi
2123,petal
2124,polyp
2125,tints
2126,grate
2127,troll
2128,tolls
2129,relic
2130,phony
2131,bleat
2132,flaws
2133,flake
2134,snags
2135,aptly
2136,drawl
2137,ulcer
2138,soapy
2139,bossy
2140,monks
2141,crags
2142,caged
2143,twang
2144,diner
2145,taped
2146,cadet
2147,grids
2148,spawn
2149,guile
2150,noose
2151,mores
2152,girth
2153,slimy
2154,aides
2155,spasm
2156,burrs
2157,alibi
2158,lymph
2159,saucy
2160,muggy
2161,liter
2162,joked
2163,goofy
2164,exams
2165,enact
2166,stork
2167,lured
2168,toxic
2169,omens
2170,nears
2171,covet
2172,wrung
2173,forum
2174,venom
2175,moody
2176,alder
2177,sassy
2178,flair
2179,guild
2180,prays
2181,wrens
2182,hauls
2183,stave
2184,tilts
2185,pecks
2186,stomp
2187,gales
2188,tempt
2189,capes
2190,mesas
2191,omits
2192,tepee
2193,harry
2194,wring
2195,evoke
2196,limes
2197,cluck
2198,lunge
2199,highs
2200,canes
2201,giddy
2202,lithe
2203,verge
2204,khaki
2205,queue
2206,loath
2207,foyer
2208,outdo
2209,fared
2210,deter
2211,crumb
2212,astir
2213,spire
2214,jumpy
2215,extol
2216,buoys
2217,stubs
2218,lucid
2219,thong
2220,afore
2221,whiff
2222,maxim
2223,hulls
2224,clogs
2225,slats
2226,jiffy
2227,arbor
2228,cinch
2229,igloo
2230,goody
2231,gazes
2232,dowel
2233,calms
2234,bitch
2235,scowl
2236,gulps
2237,coded
2238,waver
2239,mason
2240,lobes
2241,ebony
2242,flail
2243,isles
2244,clods
2245,dazed
2246,adept
2247,oozed
2248,sedan
2249,clays
2250,warts
2251,ketch
2252,skunk
2253,manes
2254,adore
2255,sneer
2256,mango
2257,fiord
2258,flora
2259,roomy
2260,minks
2261,thaws
2262,watts
2263,freer
2264,exult
2265,plush
2266,paled
2267,twain
2268,clink
2269,scamp
2270,pawed
2271,grope
2272,bravo
2273,gable
2274,stink
2275,sever
2276,waned
2277,rarer
2278,regal
2279,wards
2280,fawns
2281,babes
2282,unify
2283,amend
2284,oaken
2285,glade
2286,visor
2287,hefty
2288,nines
2289,throb
2290,pecan
2291,butts
2292,pence
2293,sills
2294,jails
2295,flyer
2296,saber
2297,nomad
2298,miter
2299,beeps
2300,domed
2301,gulfs
2302,curbs
2303,heath
2304,moors
2305,aorta
2306,larks
2307,tangy
2308,wryly
2309,cheep
2310,rages
2311,evade
2312,lures
2313,freak
2314,vogue
2315,tunic
2316,slams
2317,knits
2318,dumpy
2319,mania
2320,spits
2321,firth
2322,hikes
2323,trots
2324,nosed
2325,clank
2326,dogma
2327,bloat
2328,balsa
2329,graft
2330,middy
2331,stile
2332,keyed
2333,finch
2334,sperm
2335,chaff
2336,wiles
2337,amigo
2338,copra
2339,amiss
2340,eying
2341,twirl
2342,lurch
2343,popes
2344,chins
2345,smock
2346,tines
2347,guise
2348,grits
2349,junks
2350,shoal
2351,cache
2352,tapir
2353,atoll
2354,deity
2355,toils
2356,spree
2357,mocks
2358,scans
2359,shorn
2360,revel
2361,raven
2362,hoary
2363,reels
2364,scuff
2365,mimic
2366,weedy
2367,corny
2368,truer
2369,rouge
2370,ember
2371,floes
2372,torso
2373,wipes
2374,edict
2375,sulky
2376,recur
2377,groin
2378,baste
2379,kinks
2380,surer
2381,piggy
2382,moldy
2383,franc
2384,liars
2385,inept
2386,gusty
2387,facet
2388,jetty
2389,equip
2390,leper
2391,slink
2392,soars
2393,cater
2394,dowry
2395,sided
2396,yearn
2397,decoy
2398,taboo
2399,ovals
2400,heals
2401,pleas
2402,beret
2403,spilt
2404,gayly
2405,rover
2406,endow
2407,pygmy
2408,carat
2409,abbey
2410,vents
2411,waken
2412,chimp
2413,fumed
2414,sodas
2415,vinyl
2416,clout
2417,wades
2418,mites
2419,smirk
2420,bores
2421,bunny
2422,surly
2423,frock
2424,foray
2425,purer
2426,milks
2427,query
2428,mired
2429,blare
2430,froth
2431,gruel
2432,navel
2433,paler
2434,puffy
2435,casks
2436,grime
2437,derby
2438,mamma
2439,gavel
2440,teddy
2441,vomit
2442,moans
2443,allot
2444,defer
2445,wield
2446,viper
2447,louse
2448,erred
2449,hewed
2450,abhor
2451,wrest
2452,waxen
2453,adage
2454,ardor
2455,stabs
2456,pored
2457,rondo
2458,loped
2459,fishy
2460,bible
2461,hires
2462,foals
2463,feuds
2464,jambs
2465,thuds
2466,jeers
2467,knead
2468,quirk
2469,rugby
2470,expel
2471,greys
2472,rigor
2473,ester
2474,lyres
2475,aback
2476,glues
2477,lotus
2478,lurid
2479,rungs
2480,hutch
2481,thyme
2482,valet
2483,tommy
2484,yokes
2485,epics
2486,trill
2487,pikes
2488,ozone
2489,caper
2490,chime
2491,frees
2492,famed
2493,leech
2494,smite
2495,neigh
2496,erode
2497,robed
2498,hoard
2499,salve
2500,conic
2501,gawky
2502,craze
2503,jacks
2504,gloat
2505,mushy
2506,rumps
2507,fetus
2508,wince
2509,pinks
2510,shalt
2511,toots
2512,glens
2513,cooed
2514,rusts
2515,stews
2516,shred
2517,parka
2518,chugs
2519,winks
2520,clots
2521,shrew
2522,booed
2523,filmy
2524,juror
2525,dents
2526,gummy
2527,grays
2528,hooky
2529,butte
2530,dogie
2531,poled
2532,reams
2533,fifes
2534,spank
2535,gayer
2536,tepid
2537,spook
2538,taint
2539,flirt
2540,rogue
2541,spiky
2542,opals
2543,miser
2544,cocky
2545,coyly
2546,balmy
2547,slosh
2548,brawl
2549,aphid
2550,faked
2551,hydra
2552,brags
2553,chide
2554,yanks
2555,allay
2556,video
2557,altos
2558,eases
2559,meted
2560,chasm
2561,longs
2562,excel
2563,taffy
2564,impel
2565,savor
2566,koala
2567,quays
2568,dawns
2569,proxy
2570,clove
2571,duets
2572,dregs
2573,tardy
2574,briar
2575,grimy
2576,ultra
2577,meaty
2578,halve
2579,wails
2580,suede
2581,mauve
2582,envoy
2583,arson
2584,coves
2585,gooey
2586,brews
2587,sofas
2588,chums
2589,amaze
2590,zooms
2591,abbot
2592,halos
2593,scour
2594,suing
2595,cribs
2596,sagas
2597,enema
2598,wordy
2599,harps
2600,coupe
2601,molar
2602,flops
2603,weeps
2604,mints
2605,ashen
2606,felts
2607,askew
2608,munch
2609,mewed
2610,divan
2611,vices
2612,jumbo
2613,blobs
2614,blots
2615,spunk
2616,acrid
2617,topaz
2618,cubed
2619,clans
2620,flees
2621,slurs
2622,gnaws
2623,welds
2624,fords
2625,emits
2626,agate
2627,pumas
2628,mends
2629,darks
2630,dukes
2631,plies
2632,canny
2633,hoots
2634,oozes
2635,lamed
2636,fouls
2637,clefs
2638,nicks
2639,mated
2640,skims
2641,brunt
2642,tuber
2643,tinge
2644,fates
2645,ditty
2646,thins
2647,frets
2648,eider
2649,bayou
2650,mulch
2651,fasts
2652,amass
2653,damps
2654,morns
2655,friar
2656,palsy
2657,vista
2658,croon
2659,conch
2660,udder
2661,tacos
2662,skits
2663,mikes
2664,quits
2665,preen
2666,aster
2667,adder
2668,elegy
2669,pulpy
2670,scows
2671,baled
2672,hovel
2673,lavas
2674,crave
2675,optic
2676,welts
2677,busts
2678,knave
2679,razed
2680,shins
2681,totes
2682,scoot
2683,dears
2684,crock
2685,mutes
2686,trims
2687,skein
2688,doted
2689,shuns
2690,veers
2691,fakes
2692,yoked
2693,wooed
2694,hacks
2695,sprig
2696,wands
2697,lulls
2698,seers
2699,snobs
2700,nooks
2701,pined
2702,perky
2703,mooed
2704,frill
2705,dines
2706,booze
2707,tripe
2708,prong
2709,drips
2710,odder
2711,levee
2712,antic
2713,sidle
2714,pithy
2715,corks
2716,yelps
2717,joker
2718,fleck
2719,buffs
2720,scram
2721,tiers
2722,bogey
2723,doled
2724,irate
2725,vales
2726,coped
2727,hails
2728,elude
2729,bulks
2730,aired
2731,vying
2732,stags
2733,strew
2734,cocci
2735,pacts
2736,scabs
2737,silos
2738,dusts
2739,yodel
2740,terse
2741,jaded
2742,baser
2743,jibes
2744,foils
2745,sways
2746,forgo
2747,slays
2748,preys
2749,treks
2750,quell
2751,peeks
2752,assay
2753,lurks
2754,eject
2755,boars
2756,trite
2757,belch
2758,gnash
2759,wanes
2760,lutes
2761,whims
2762,dosed
2763,chewy
2764,snipe
2765,umbra
2766,teems
2767,dozes
2768,kelps
2769,upped
2770,brawn
2771,doped
2772,shush
2773,rinds
2774,slush
2775,moron
2776,voile
2777,woken
2778,fjord
2779,sheik
2780,jests
2781,kayak
2782,slews
2783,toted
2784,saner
2785,drape
2786,patty
2787,raves
2788,sulfa
2789,grist
2790,skied
2791,vixen
2792,civet
2793,vouch
2794,tiara
2795,homey
2796,moped
2797,runts
2798,serge
2799,kinky
2800,rills
2801,corns
2802,brats
2803,pries
2804,amble
2805,fries
2806,loons
2807,tsars
2808,datum
2809,musky
2810,pigmy
2811,gnome
2812,ravel
2813,ovule
2814,icily
2815,liken
2816,lemur
2817,frays
2818,silts
2819,sifts
2820,plods
2821,ramps
2822,tress
2823,earls
2824,dudes
2825,waive
2826,karat
2827,jolts
2828,peons
2829,beers
2830,horny
2831,pales
2832,wreak
2833,lairs
2834,lynch
2835,stank
2836,swoon
2837,idler
2838,abort
2839,blitz
2840,ensue
2841,atone
2842,bingo
2843,roves
2844,kilts
2845,scald
2846,adios
2847,cynic
2848,dulls
2849,memos
2850,elfin
2851,dales
2852,peels
2853,peals
2854,bares
2855,sinus
2856,crone
2857,sable
2858,hinds
2859,shirk
2860,enrol
2861,wilts
2862,roams
2863,duped
2864,cysts
2865,mitts
2866,safes
2867,spats
2868,coops
2869,filet
2870,knell
2871,refit
2872,covey
2873,punks
2874,kilns
2875,fitly
2876,abate
2877,talcs
2878,heeds
2879,duels
2880,wanly
2881,ruffs
2882,gauss
2883,lapel
2884,jaunt
2885,whelp
2886,cleat
2887,gauzy
2888,dirge
2889,edits
2890,wormy
2891,moats
2892,smear
2893,prods
2894,bowel
2895,frisk
2896,vests
2897,bayed
2898,rasps
2899,tames
2900,delve
2901,embed
2902,befit
2903,wafer
2904,ceded
2905,novas
2906,feign
2907,spews
2908,larch
2909,huffs
2910,doles
2911,mamas
2912,hulks
2913,pried
2914,brims
2915,irked
2916,aspic
2917,swipe
2918,mealy
2919,skimp
2920,bluer
2921,slake
2922,dowdy
2923,penis
2924,brays
2925,pupas
2926,egret
2927,flunk
2928,phlox
2929,gripe
2930,peony
2931,douse
2932,blurs
2933,darns
2934,slunk
2935,lefts
2936,chats
2937,inane
2938,vials
2939,stilt
2940,rinks
2941,woofs
2942,wowed
2943,bongs
2944,frond
2945,ingot
2946,evict
2947,singe
2948,shyer
2949,flied
2950,slops
2951,dolts
2952,drool
2953,dells
2954,whelk
2955,hippy
2956,feted
2957,ether
2958,cocos
2959,hives
2960,jibed
2961,mazes
2962,trios
2963,sirup
2964,squab
2965,laths
2966,leers
2967,pasta
2968,rifts
2969,lopes
2970,alias
2971,whirs
2972,diced
2973,slags
2974,lodes
2975,foxed
2976,idled
2977,prows
2978,plait
2979,malts
2980,chafe
2981,cower
2982,toyed
2983,chefs
2984,keels
2985,sties
2986,racer
2987,etude
2988,sucks
2989,sulks
2990,micas
2991,czars
2992,copse
2993,ailed
2994,abler
2995,rabid
2996,golds
2997,croup
2998,snaky
2999,visas
3000,palls
3001,mopes
3002,boned
3003,wispy
3004,raved
3005,swaps
3006,junky
3007,doily
3008,pawns
3009,tamer
3010,poach
3011,baits
3012,damns
3013,gumbo
3014,daunt
3015,prank
3016,hunks
3017,buxom
3018,heres
3019,honks
3020,stows
3021,unbar
3022,idles
3023,routs
3024,sages
3025,goads
3026,remit
3027,copes
3028,deign
3029,culls
3030,girds
3031,haves
3032,lucks
3033,stunk
3034,dodos
3035,shams
3036,snubs
3037,icons
3038,usurp
3039,dooms
3040,hells
3041,soled
3042,comas
3043,paves
3044,maths
3045,perks
3046,limps
3047,wombs
3048,blurb
3049,daubs
3050,cokes
3051,sours
3052,stuns
3053,cased
3054,musts
3055,coeds
3056,cowed
3057,aping
3058,zoned
3059,rummy
3060,fetes
3061,skulk
3062,quaff
3063,rajah
3064,deans
3065,reaps
3066,galas
3067,tills
3068,roved
3069,kudos
3070,toned
3071,pared
3072,scull
3073,vexes
3074,punts
3075,snoop
3076,bails
3077,dames
3078,hazes
3079,lores
3080,marts
3081,voids
3082,ameba
3083,rakes
3084,adzes
3085,harms
3086,rears
3087,satyr
3088,swill
3089,hexes
3090,colic
3091,leeks
3092,hurls
3093,yowls
3094,ivies
3095,plops
3096,musks
3097,papaw
3098,jells
3099,bused
3100,cruet
3101,bided
3102,filch
3103,zests
3104,rooks
3105,laxly
3106,rends
3107,loams
3108,basks
3109,sires
3110,carps
3111,pokey
3112,flits
3113,muses
3114,bawls
3115,shuck
3116,viler
3117,lisps
3118,peeps
3119,sorer
3120,lolls
3121,prude
3122,diked
3123,floss
3124,flogs
3125,scums
3126,dopes
3127,bogie
3128,pinky
3129,leafs
3130,tubas
3131,scads
3132,lowed
3133,yeses
3134,biked
3135,qualm
3136,evens
3137,caned
3138,gawks
3139,whits
3140,wooly
3141,gluts
3142,romps
3143,bests
3144,dunce
3145,crony
3146,joist
3147,tunas
3148,boner
3149,malls
3150,parch
3151,avers
3152,crams
3153,pares
3154,dally
3155,bigot
3156,kales
3157,flays
3158,leach
3159,gushy
3160,pooch
3161,huger
3162,slyer
3163,golfs
3164,mires
3165,flues
3166,loafs
3167,arced
3168,acnes
3169,neons
3170,fiefs
3171,dints
3172,dazes
3173,pouts
3174,cored
3175,yules
3176,lilts
3177,beefs
3178,mutts
3179,fells
3180,cowls
3181,spuds
3182,lames
3183,jawed
3184,dupes
3185,deads
3186,bylaw
3187,noons
3188,nifty
3189,clued
3190,vireo
3191,gapes
3192,metes
3193,cuter
3194,maims
3195,droll
3196,cupid
3197,mauls
3198,sedge
3199,papas
3200,wheys
3201,eking
3202,loots
3203,hilts
3204,meows
3205,beaus
3206,dices
3207,peppy
3208,riper
3209,fogey
3210,gists
3211,yogas
3212,gilts
3213,skews
3214,cedes
3215,zeals
3216,alums
3217,okays
3218,elope
3219,grump
3220,wafts
3221,soots
3222,blimp
3223,hefts
3224,mulls
3225,hosed
3226,cress
3227,doffs
3228,ruder
3229,pixie
3230,waifs
3231,ousts
3232,pucks
3233,biers
3234,gulch
3235,suets
3236,hobos
3237,lints
3238,brans
3239,teals
3240,garbs
3241,pewee
3242,helms
3243,turfs
3244,quips
3245,wends
3246,banes
3247,napes
3248,icier
3249,swats
3250,bagel
3251,hexed
3252,ogres
3253,goner
3254,gilds
3255,pyres
3256,lards
3257,bides
3258,paged
3259,talon
3260,flout
3261,medic
3262,veals
3263,putts
3264,dirks
3265,dotes
3266,tippy
3267,blurt
3268,piths
3269,acing
3270,barer
3271,whets
3272,gaits
3273,wools
3274,dunks
3275,heros
3276,swabs
3277,dirts
3278,jutes
3279,hemps
3280,surfs
3281,okapi
3282,chows
3283,shoos
3284,dusks
3285,parry
3286,decal
3287,furls
3288,cilia
3289,sears
3290,novae
3291,murks
3292,warps
3293,slues
3294,lamer
3295,saris
3296,weans
3297,purrs
3298,dills
3299,togas
3300,newts
3301,meany
3302,bunts
3303,razes
3304,goons
3305,wicks
3306,ruses
3307,vends
3308,geode
3309,drake
3310,judos
3311,lofts
3312,pulps
3313,lauds
3314,mucks
3315,vises
3316,mocha
3317,oiled
3318,roman
3319,ethyl
3320,gotta
3321,fugue
3322,smack
3323,gourd
3324,bumpy
3325,radix
3326,fatty
3327,borax
3328,cubit
3329,cacti
3330,gamma
3331,focal
3332,avail
3333,papal
3334,golly
3335,elite
3336,versa
3337,billy
3338,adieu
3339,annum
3340,howdy
3341,rhino
3342,norms
3343,bobby
3344,axiom
3345,setup
3346,yolks
3347,terns
3348,mixer
3349,genre
3350,knoll
3351,abode
3352,junta
3353,gorge
3354,combo
3355,alpha
3356,overt
3357,kinda
3358,spelt
3359,prick
3360,nobly
3361,ephod
3362,audio
3363,modal
3364,veldt
3365,warty
3366,fluke
3367,bonny
3368,bream
3369,rosin
3370,bolls
3371,doers
3372,downs
3373,beady
3374,motif
3375,humph
3376,fella
3377,mould
3378,crepe
3379,kerns
3380,aloha
3381,glyph
3382,azure
3383,riser
3384,blest
3385,locus
3386,lumpy
3387,beryl
3388,wanna
3389,brier
3390,tuner
3391,rowdy
3392,mural
3393,timer
3394,canst
3395,krill
3396,quoth
3397,lemme
3398,triad
3399,tenon
3400,amply
3401,deeps
3402,padre
3403,leant
3404,pacer
3405,octal
3406,dolly
3407,trans
3408,sumac
3409,foamy
3410,lolly
3411,giver
3412,quipu
3413,codex
3414,manna
3415,unwed
3416,vodka
3417,ferny
3418,salon
3419,duple
3420,boron
3421,revue
3422,crier
3423,alack
3424,inter
3425,dilly
3426,whist
3427,cults
3428,spake
3429,reset
3430,loess
3431,decor
3432,mover
3433,verve
3434,ethic
3435,gamut
3436,lingo
3437,dunno
3438,align
3439,sissy
3440,incur
3441,reedy
3442,avant
3443,piper
3444,waxer
3445,calyx
3446,basil
3447,coons
3448,seine
3449,piney
3450,lemma
3451,trams
3452,winch
3453,whirr
3454,saith
3455,ionic
3456,heady
3457,harem
3458,tummy
3459,sally
3460,shied
3461,dross
3462,farad
3463,saver
3464,tilde
3465,jingo
3466,bower
3467,serif
3468,facto
3469,belle
3470,inset
3471,bogus
3472,caved
3473,forte
3474,sooty
3475,bongo
3476,toves
3477,credo
3478,basal
3479,yella
3480,aglow
3481,glean
3482,gusto
3483,hymen
3484,ethos
3485,terra
3486,brash
3487,scrip
3488,swash
3489,aleph
3490,tinny
3491,itchy
3492,wanta
3493,trice
3494,jowls
3495,gongs
3496,garde
3497,boric
3498,twill
3499,sower
3500,henry
3501,awash
3502,libel
3503,spurn
3504,sabre
3505,rebut
3506,penal
3507,obese
3508,sonny
3509,quirt
3510,mebbe
3511,tacit
3512,greek
3513,xenon
3514,hullo
3515,pique
3516,roger
3517,negro
3518,hadst
3519,gecko
3520,beget
3521,uncut
3522,aloes
3523,louis
3524,quint
3525,clunk
3526,raped
3527,salvo
3528,diode
3529,matey
3530,hertz
3531,xylem
3532,kiosk
3533,apace
3534,cawed
3535,peter
3536,wench
3537,cohos
3538,sorta
3539,gamba
3540,bytes
3541,tango
3542,nutty
3543,axial
3544,aleck
3545,natal
3546,clomp
3547,gored
3548,siree
3549,bandy
3550,gunny
3551,runic
3552,whizz
3553,rupee
3554,fated
3555,wiper
3556,bards
3557,briny
3558,staid
3559,hocks
3560,ochre
3561,yummy
3562,gents
3563,soupy
3564,roper
3565,swath
3566,cameo
3567,edger
3568,spate
3569,gimme
3570,ebbed
3571,breve
3572,theta
3573,deems
3574,dykes
3575,servo
3576,telly
3577,tabby
3578,tares
3579,blocs
3580,welch
3581,ghoul
3582,vitae
3583,cumin
3584,dinky
3585,bronc
3586,tabor
3587,teeny
3588,comer
3589,borer
3590,sired
3591,privy
3592,mammy
3593,deary
3594,gyros
3595,sprit
3596,conga
3597,quire
3598,thugs
3599,furor
3600,bloke
3601,runes
3602,bawdy
3603,cadre
3604,toxin
3605,annul
3606,egged
3607,anion
3608,nodes
3609,picky
3610,stein
3611,jello
3612,audit
3613,echos
3614,fagot
3615,letup
3616,eyrie
3617,fount
3618,caped
3619,axons
3620,amuck
3621,banal
3622,riled
3623,petit
3624,umber
3625,miler
3626,fibre
3627,agave
3628,bated
3629,bilge
3630,vitro
3631,feint
3632,pudgy
3633,mater
3634,manic
3635,umped
3636,pesky
3637,strep
3638,slurp
3639,pylon
3640,puree
3641,caret
3642,temps
3643,newel
3644,yawns
3645,seedy
3646,treed
3647,coups
3648,rangy
3649,brads
3650,mangy
3651,loner
3652,circa
3653,tibia
3654,afoul
3655,mommy
3656,titer
3657,carne
3658,kooky
3659,motes
3660,amity
3661,suave
3662,hippo
3663,curvy
3664,samba
3665,newsy
3666,anise
3667,imams
3668,tulle
3669,aways
3670,liven
3671,hallo
3672,wales
3673,opted
3674,canto
3675,idyll
3676,bodes
3677,curio
3678,wrack
3679,hiker
3680,chive
3681,yokel
3682,dotty
3683,demur
3684,cusps
3685,specs
3686,quads
3687,laity
3688,toner
3689,decry
3690,writs
3691,saute
3692,clack
3693,aught
3694,logos
3695,tipsy
3696,natty
3697,ducal
3698,bidet
3699,bulgy
3700,metre
3701,lusts
3702,unary
3703,goeth
3704,baler
3705,sited
3706,shies
3707,hasps
3708,brung
3709,holed
3710,swank
3711,looky
3712,melee
3713,huffy
3714,loamy
3715,pimps
3716,titan
3717,binge
3718,shunt
3719,femur
3720,libra
3721,seder
3722,honed
3723,annas
3724,coypu
3725,shims
3726,zowie
3727,jihad
3728,savvy
3729,nadir
3730,basso
3731,monic
3732,maned
3733,mousy
3734,omega
3735,laver
3736,prima
3737,picas
3738,folio
3739,mecca
3740,reals
3741,troth
3742,testy
3743,balky
3744,crimp
3745,chink
3746,abets
3747,splat
3748,abaci
3749,vaunt
3750,cutie
3751,pasty
3752,moray
3753,levis
3754,ratty
3755,islet
3756,joust
3757,motet
3758,viral
3759,nukes
3760,grads
3761,comfy
3762,voila
3763,woozy
3764,blued
3765,whomp
3766,sward
3767,metro
3768,skeet
3769,chine
3770,aerie
3771,bowie
3772,tubby
3773,emirs
3774,coati
3775,unzip
3776,slobs
3777,trike
3778,funky
3779,ducat
3780,dewey
3781,skoal
3782,wadis
3783,oomph
3784,taker
3785,minim
3786,getup
3787,stoic
3788,synod
3789,runty
3790,flyby
3791,braze
3792,inlay
3793,venue
3794,louts
3795,peaty
3796,orlon
3797,humpy
3798,radon
3799,beaut
3800,raspy
3801,unfed
3802,crick
3803,nappy
3804,vizor
3805,yipes
3806,rebus
3807,divot
3808,kiwis
3809,vetch
3810,squib
3811,sitar
3812,kiddo
3813,dyers
3814,cotta
3815,matzo
3816,lager
3817,zebus
3818,crass
3819,dacha
3820,kneed
3821,dicta
3822,fakir
3823,knurl
3824,runny
3825,unpin
3826,julep
3827,globs
3828,nudes
3829,sushi
3830,tacky
3831,stoke
3832,kaput
3833,butch
3834,hulas
3835,croft
3836,achoo
3837,genii
3838,nodal
3839,outgo
3840,spiel
3841,viols
3842,fetid
3843,cagey
3844,fudgy
3845,epoxy
3846,leggy
3847,hanky
3848,lapis
3849,felon
3850,beefy
3851,coots
3852,melba
3853,caddy
3854,segue
3855,betel
3856,frizz
3857,drear
3858,kooks
3859,turbo
3860,hoagy
3861,moult
3862,helix
3863,zonal
3864,arias
3865,nosey
3866,paean
3867,lacey
3868,banns
3869,swain
3870,fryer
3871,retch
3872,tenet
3873,gigas
3874,whiny
3875,ogled
3876,rumen
3877,begot
3878,cruse
3879,abuts
3880,riven
3881,balks
3882,sines
3883,sigma
3884,abase
3885,ennui
3886,gores
3887,unset
3888,augur
3889,sated
3890,odium
3891,latin
3892,dings
3893,moire
3894,scion
3895,henna
3896,kraut
3897,dicks
3898,lifer
3899,prigs
3900,bebop
3901,gages
3902,gazer
3903,fanny
3904,gibes
3905,aural
3906,tempi
3907,hooch
3908,rapes
3909,snuck
3910,harts
3911,techs
3912,emend
3913,ninny
3914,guava
3915,scarp
3916,liege
3917,tufty
3918,sepia
3919,tomes
3920,carob
3921,emcee
3922,prams
3923,poser
3924,verso
3925,hubba
3926,joule
3927,baize
3928,blips
3929,scrim
3930,cubby
3931,clave
3932,winos
3933,rearm
3934,liens
3935,lumen
3936,chump
3937,nanny
3938,trump
3939,fichu
3940,chomp
3941,homos
3942,purty
3943,maser
3944,woosh
3945,patsy
3946,shill
3947,rusks
3948,avast
3949,swami
3950,boded
3951,ahhhh
3952,lobed
3953,natch
3954,shish
3955,tansy
3956,snoot
3957,payer
3958,altho
3959,sappy
3960,laxer
3961,hubby
3962,aegis
3963,riles
3964,ditto
3965,jazzy
3966,dingo
3967,quasi
3968,septa
3969,peaky
3970,lorry
3971,heerd
3972,bitty
3973,payee
3974,seamy
3975,apses
3976,imbue
3977,belie
3978,chary
3979,spoof
3980,phyla
3981,clime
3982,babel
3983,wacky
3984,sumps
3985,skids
3986,khans
3987,crypt
3988,inure
3989,nonce
3990,outen
3991,faire
3992,hooey
3993,anole
3994,kazoo
3995,calve
3996,limbo
3997,argot
3998,ducky
3999,faker
4000,vibes
4001,gassy
4002,unlit
4003,nervy
4004,femme
4005,biter
4006,fiche
4007,boors
4008,gaffe
4009,saxes
4010,recap
4011,synch
4012,facie
4013,dicey
4014,ouija
4015,hewer
4016,legit
4017,gurus
4018,edify
4019,tweak
4020,caron
4021,typos
4022,rerun
4023,polly
4024,surds
4025,hamza
4026,nulls
4027,hater
4028,lefty
4029,mogul
4030,mafia
4031,debug
4032,pates
4033,blabs
4034,splay
4035,talus
4036,porno
4037,moola
4038,nixed
4039,kilos
4040,snide
4041,horsy
4042,gesso
4043,jaggy
4044,trove
4045,nixes
4046,creel
4047,pater
4048,iotas
4049,cadge
4050,skyed
4051,hokum
4052,furze
4053,ankhs
4054,curie
4055,nutsy
4056,hilum
4057,remix
4058,angst
4059,burls
4060,jimmy
4061,veiny
4062,tryst
4063,codon
4064,befog
4065,gamed
4066,flume
4067,axman
4068,doozy
4069,lubes
4070,rheas
4071,bozos
4072,butyl
4073,kelly
4074,mynah
4075,jocks
4076,donut
4077,avian
4078,wurst
4079,chock
4080,quash
4081,quals
4082,hayed
4083,bombe
4084,cushy
4085,spacy
4086,puked
4087,leery
4088,thews
4089,prink
4090,amens
4091,tesla
4092,intro
4093,fiver
4094,frump
4095,capos
4096,opine
4097,coder
4098,namer
4099,jowly
4100,pukes
4101,haled
4102,chard
4103,duffs
4104,bruin
4105,reuse
4106,whang
4107,toons
4108,frats
4109,silty
4110,telex
4111,cutup
4112,nisei
4113,neato
4114,decaf
4115,softy
4116,bimbo
4117,adlib
4118,loony
4119,shoed
4120,agues
4121,peeve
4122,noway
4123,gamey
4124,sarge
4125,reran
4126,epact
4127,potty
4128,coned
4129,upend
4130,narco
4131,ikats
4132,whorl
4133,jinks
4134,tizzy
4135,weepy
4136,posit
4137,marge
4138,vegan
4139,clops
4140,numbs
4141,reeks
4142,rubes
4143,rower
4144,biped
4145,tiffs
4146,hocus
4147,hammy
4148,bunco
4149,fixit
4150,tykes
4151,chaws
4152,yucky
4153,hokey
4154,resew
4155,maven
4156,adman
4157,scuzz
4158,slogs
4159,souse
4160,nacho
4161,mimed
4162,melds
4163,boffo
4164,debit
4165,pinup
4166,vagus
4167,gulag
4168,randy
4169,bosun
4170,educe
4171,faxes
4172,auras
4173,pesto
4174,antsy
4175,betas
4176,fizzy
4177,dorky
4178,snits
4179,moxie
4180,thane
4181,mylar
4182,nobby
4183,gamin
4184,gouty
4185,esses
4186,goyim
4187,paned
4188,druid
4189,jades
4190,rehab
4191,gofer
4192,tzars
4193,octet
4194,homed
4195,socko
4196,dorks
4197,eared
4198,anted
4199,elide
4200,fazes
4201,oxbow
4202,dowse
4203,situs
4204,macaw
4205,scone
4206,drily
4207,hyper
4208,salsa
4209,mooch
4210,gated
4211,unjam
4212,lipid
4213,mitre
4214,venal
4215,knish
4216,ritzy
4217,divas
4218,torus
4219,mange
4220,dimer
4221,recut
4222,meson
4223,wined
4224,fends
4225,phage
4226,fiats
4227,caulk
4228,cavil
4229,panty
4230,roans
4231,bilks
4232,hones
4233,botch
4234,estop
4235,sully
4236,sooth
4237,gelds
4238,ahold
4239,raper
4240,pager
4241,fixer
4242,infix
4243,hicks
4244,tuxes
4245,plebe
4246,twits
4247,abash
4248,twixt
4249,wacko
4250,primp
4251,nabla
4252,girts
4253,miffs
4254,emote
4255,xerox
4256,rebid
4257,shahs
4258,rutty
4259,grout
4260,grift
4261,deify
4262,biddy
4263,kopek
4264,semis
4265,bries
4266,acmes
4267,piton
4268,hussy
4269,torts
4270,disco
4271,whore
4272,boozy
4273,gibed
4274,vamps
4275,amour
4276,soppy
4277,gonzo
4278,durst
4279,wader
4280,tutus
4281,perms
4282,catty
4283,glitz
4284,brigs
4285,nerds
4286,barmy
4287,gizmo
4288,owlet
4289,sayer
4290,molls
4291,shard
4292,whops
4293,comps
4294,corer
4295,colas
4296,matte
4297,droid
4298,ploys
4299,vapid
4300,cairn
4301,deism
4302,mixup
4303,yikes
4304,prosy
4305,raker
4306,flubs
4307,whish
4308,reify
4309,craps
4310,shags
4311,clone
4312,hazed
4313,macho
4314,recto
4315,refix
4316,drams
4317,biker
4318,aquas
4319,porky
4320,doyen
4321,exude
4322,goofs
4323,divvy
4324,noels
4325,jived
4326,hulky
4327,cager
4328,harpy
4329,oldie
4330,vivas
4331,admix
4332,codas
4333,zilch
4334,deist
4335,orcas
4336,retro
4337,pilaf
4338,parse
4339,rants
4340,zingy
4341,toddy
4342,chiff
4343,micro
4344,veeps
4345,girly
4346,nexus
4347,demos
4348,bibbs
4349,antes
4350,lulus
4351,gnarl
4352,zippy
4353,ivied
4354,epees
4355,wimps
4356,tromp
4357,grail
4358,yoyos
4359,poufs
4360,hales
4361,roust
4362,cabal
4363,rawer
4364,pampa
4365,mosey
4366,kefir
4367,burgs
4368,unmet
4369,cuspy
4370,boobs
4371,boons
4372,hypes
4373,dynes
4374,nards
4375,lanai
4376,yogis
4377,sepal
4378,quark
4379,toked
4380,prate
4381,ayins
4382,hawed
4383,swigs
4384,vitas
4385,toker
4386,doper
4387,bossa
4388,linty
4389,foist
4390,mondo
4391,stash
4392,kayos
4393,twerp
4394,zesty
4395,capon
4396,wimpy
4397,rewed
4398,fungo
4399,tarot
4400,frosh
4401,kabob
4402,pinko
4403,redid
4404,mimeo
4405,heist
4406,tarps
4407,lamas
4408,sutra
4409,dinar
4410,whams
4411,busty
4412,spays
4413,mambo
4414,nabob
4415,preps
4416,odour
4417,cabby
4418,conks
4419,sluff
4420,dados
4421,houri
4422,swart
4423,balms
4424,gutsy
4425,faxed
4426,egads
4427,pushy
4428,retry
4429,agora
4430,drubs
4431,daffy
4432,chits
4433,mufti
4434,karma
4435,lotto
4436,toffs
4437,burps
4438,deuce
4439,zings
4440,kappa
4441,clads
4442,doggy
4443,duper
4444,scams
4445,ogler
4446,mimes
4447,throe
4448,zetas
4449,waled
4450,promo
4451,blats
4452,muffs
4453,oinks
4454,viand
4455,coset
4456,finks
4457,faddy
4458,minis
4459,snafu
4460,sauna
4461,usury
4462,muxes
4463,craws
4464,stats
4465,condo
4466,coxes
4467,loopy
4468,dorms
4469,ascot
4470,dippy
4471,execs
4472,dopey
4473,envoi
4474,umpty
4475,gismo
4476,fazed
4477,strop
4478,jives
4479,slims
4480,batik
4481,pings
4482,sonly
4483,leggo
4484,pekoe
4485,prawn
4486,luaus
4487,campy
4488,oodle
4489,prexy
4490,proms
4491,touts
4492,ogles
4493,tweet
4494,toady
4495,naiad
4496,hider
4497,nuked
4498,fatso
4499,sluts
4500,obits
4501,narcs
4502,tyros
4503,delis
4504,wooer
4505,hyped
4506,poset
4507,byway
4508,texas
4509,scrod
4510,avows
4511,futon
4512,torte
4513,tuple
4514,carom
4515,kebab
4516,tamps
4517,jilts
4518,duals
4519,artsy
4520,repro
4521,modem
4522,toped
4523,psych
4524,sicko
4525,klutz
4526,tarns
4527,coxed
4528,drays
4529,cloys
4530,anded
4531,piker
4532,aimer
4533,suras
4534,limos
4535,flack
4536,hapax
4537,dutch
4538,mucky
4539,shire
4540,klieg
4541,staph
4542,layup
4543,tokes
4544,axing
4545,toper
4546,duvet
4547,cowry
4548,profs
4549,blahs
4550,addle
4551,sudsy
4552,batty
4553,coifs
4554,suety
4555,gabby
4556,hafta
4557,pitas
4558,gouda
4559,deice
4560,taupe
4561,topes
4562,duchy
4563,nitro
4564,carny
4565,limey
4566,orals
4567,hirer
4568,taxer
4569,roils
4570,ruble
4571,elate
4572,dolor
4573,wryer
4574,snots
4575,quais
4576,coked
4577,gimel
4578,gorse
4579,minas
4580,goest
4581,agape
4582,manta
4583,jings
4584,iliac
4585,admen
4586,offen
4587,cills
4588,offal
4589,lotta
4590,bolas
4591,thwap
4592,alway
4593,boggy
4594,donna
4595,locos
4596,belay
4597,gluey
4598,bitsy
4599,mimsy
4600,hilar
4601,outta
4602,vroom
4603,fetal
4604,raths
4605,renal
4606,dyads
4607,crocs
4608,vires
4609,culpa
4610,kivas
4611,feist
4612,teats
4613,thats
4614,yawls
4615,whens
4616,abaca
4617,ohhhh
4618,aphis
4619,fusty
4620,eclat
4621,perdu
4622,mayst
4623,exeat
4624,molly
4625,supra
4626,wetly
4627,plasm
4628,buffa
4629,semen
4630,pukka
4631,tagua
4632,paras
4633,stoat
4634,secco
4635,carte
4636,haute
4637,molal
4638,shads
4639,forma
4640,ovoid
4641,pions
4642,modus
4643,bueno
4644,rheum
4645,scurf
4646,parer
4647,ephah
4648,doest
4649,sprue
4650,flams
4651,molto
4652,dieth
4653,choos
4654,miked
4655,bronx
4656,goopy
4657,bally
4658,plumy
4659,moony
4660,morts
4661,yourn
4662,bipod
4663,spume
4664,algal
4665,ambit
4666,mucho
4667,spued
4668,dozer
4669,harum
4670,groat
4671,skint
4672,laude
4673,thrum
4674,pappy
4675,oncet
4676,rimed
4677,gigue
4678,limed
4679,plein
4680,redly
4681,humpf
4682,lites
4683,seest
4684,grebe
4685,absit
4686,thanx
4687,pshaw
4688,yawps
4689,plats
4690,payed
4691,areal
4692,tilth
4693,youse
4694,gwine
4695,thees
4696,watsa
4697,lento
4698,spitz
4699,yawed
4700,gipsy
4701,sprat
4702,cornu
4703,amahs
4704,blowy
4705,wahoo
4706,lubra
4707,mecum
4708,whooo
4709,coqui
4710,sabra
4711,edema
4712,mrads
4713,dicot
4714,astro
4715,kited
4716,ouzel
4717,didos
4718,grata
4719,bonne
4720,axmen
4721,klunk
4722,summa
4723,laves
4724,purls
4725,yawny
4726,teary
4727,masse
4728,largo
4729,bazar
4730,pssst
4731,sylph
4732,lulab
4733,toque
4734,fugit
4735,plunk
4736,ortho
4737,lucre
4738,cooch
4739,whipt
4740,folky
4741,tyres
4742,wheee
4743,corky
4744,injun
4745,solon
4746,didot
4747,kerfs
4748,rayed
4749,wassa
4750,chile
4751,begat
4752,nippy
4753,litre
4754,magna
4755,rebox
4756,hydro
4757,milch
4758,brent
4759,gyves
4760,lazed
4761,feued
4762,mavis
4763,inapt
4764,baulk
4765,casus
4766,scrum
4767,wised
4768,fossa
4769,dower
4770,kyrie
4771,bhoys
4772,scuse
4773,feuar
4774,ohmic
4775,juste
4776,ukase
4777,beaux
4778,tusky
4779,orate
4780,musta
4781,lardy
4782,intra
4783,quiff
4784,epsom
4785,neath
4786,ocher
4787,tared
4788,homme
4789,mezzo
4790,corms
4791,psoas
4792,beaky
4793,terry
4794,infra
4795,spivs
4796,tuans
4797,belli
4798,bergs
4799,anima
4800,weirs
4801,mahua
4802,scops
4803,manse
4804,titre
4805,curia
4806,kebob
4807,cycad
4808,talky
4809,fucks
4810,tapis
4811,amide
4812,dolce
4813,sloes
4814,jakes
4815,russe
4816,blash
4817,tutti
4818,pruta
4819,panga
4820,blebs
4821,tench
4822,swarf
4823,herem
4824,missy
4825,merse
4826,pawky
4827,limen
4828,vivre
4829,chert
4830,unsee
4831,tiros
4832,brack
4833,foots
4834,welsh
4835,fosse
4836,knops
4837,ileum
4838,noire
4839,firma
4840,podgy
4841,laird
4842,thunk
4843,shute
4844,rowan
4845,shoji
4846,poesy
4847,uncap
4848,fames
4849,glees
4850,costa
4851,turps
4852,fores
4853,solum
4854,imago
4855,byres
4856,fondu
4857,coney
4858,polis
4859,dictu
4860,kraal
4861,sherd
4862,mumbo
4863,wroth
4864,chars
4865,unbox
4866,vacuo
4867,slued
4868,weest
4869,hades
4870,wiled
4871,syncs
4872,muser
4873,excon
4874,hoars
4875,sibyl
4876,passe
4877,joeys
4878,lotsa
4879,lepta
4880,shays
4881,bocks
4882,endue
4883,darer
4884,nones
4885,ileus
4886,plash
4887,busby
4888,wheal
4889,buffo
4890,yobbo
4891,biles
4892,poxes
4893,rooty
4894,licit
4895,terce
4896,bromo
4897,hayey
4898,dweeb
4899,imbed
4900,saran
4901,bruit
4902,punky
4903,softs
4904,biffs
4905,loppy
4906,agars
4907,aquae
4908,livre
4909,biome
4910,bunds
4911,shews
4912,diems
4913,ginny
4914,degum
4915,polos
4916,desex
4917,unman
4918,dungy
4919,vitam
4920,wedgy
4921,glebe
4922,apers
4923,ridgy
4924,roids
4925,wifey
4926,vapes
4927,whoas
4928,bunko
4929,yolky
4930,ulnas
4931,reeky
4932,bodge
4933,brant
4934,davit
4935,deque
4936,liker
4937,jenny
4938,tacts
4939,fulls
4940,treap
4941,ligne
4942,acked
4943,refry
4944,vower
4945,aargh
4946,churl
4947,momma
4948,gaols
4949,whump
4950,arras
4951,marls
4952,tiler
4953,grogs
4954,memes
4955,midis
4956,tided
4957,haler
4958,duces
4959,twiny
4960,poste
4961,unrig
4962,prise
4963,drabs
4964,quids
4965,facer
4966,spier
4967,baric
4968,geoid
4969,remap
4970,trier
4971,gunks
4972,steno
4973,stoma
4974,airer
4975,ovate
4976,torah
4977,apian
4978,smuts
4979,pocks
4980,yurts
4981,exurb
4982,defog
4983,nuder
4984,bosky
4985,nimbi
4986,mothy
4987,joyed
4988,labia
4989,pards
4990,jammy
4991,bigly
4992,faxer
4993,hoppy
4994,nurbs
4995,cotes
4996,dishy
4997,vised
4998,celeb
4999,pismo
5000,casas
5001,withs
5002,dodgy
5003,scudi
5004,mungs
5005,muons
5006,ureas
5007,ioctl
5008,unhip
5009,krone
5010,sager
5011,verst
5012,expat
5013,gronk
5014,uvula
5015,shawm
5016,bilgy
5017,braes
5018,cento
5019,webby
5020,lippy
5021,gamic
5022,lordy
5023,mazed
5024,tings
5025,shoat
5026,faery
5027,wirer
5028,diazo
5029,carer
5030,rater
5031,greps
5032,rente
5033,zloty
5034,viers
5035,unapt
5036,poops
5037,fecal
5038,kepis
5039,taxon
5040,eyers
5041,wonts
5042,spina
5043,stoae
5044,yenta
5045,pooey
5046,buret
5047,japan
5048,bedew
5049,hafts
5050,selfs
5051,oared
5052,herby
5053,pryer
5054,oakum
5055,dinks
5056,titty
5057,sepoy
5058,penes
5059,fusee
5060,winey
5061,gimps
5062,nihil
5063,rille
5064,giber
5065,ousel
5066,umiak
5067,cuppy
5068,hames
5069,shits
5070,azine
5071,glads
5072,tacet
5073,bumph
5074,coyer
5075,honky
5076,gamer
5077,gooky
5078,waspy
5079,sedgy
5080,bents
5081,varia
5082,djinn
5083,junco
5084,pubic
5085,wilco
5086,lazes
5087,idyls
5088,lupus
5089,rives
5090,snood
5091,schmo
5092,spazz
5093,finis
5094,noter
5095,pavan
5096,orbed
5097,bates
5098,pipet
5099,baddy
5100,goers
5101,shako
5102,stets
5103,sebum
5104,seeth
5105,lobar
5106,raver
5107,ajuga
5108,riced
5109,velds
5110,dribs
5111,ville
5112,dhows
5113,unsew
5114,halma
5115,krona
5116,limby
5117,jiffs
5118,treys
5119,bauds
5120,pffft
5121,mimer
5122,plebs
5123,caner
5124,jiber
5125,cuppa
5126,washy
5127,chuff
5128,unarm
5129,yukky
5130,styes
5131,waker
5132,flaks
5133,maces
5134,rimes
5135,gimpy
5136,guano
5137,liras
5138,kapok
5139,scuds
5140,bwana
5141,oring
5142,aider
5143,prier
5144,klugy
5145,monte
5146,golem
5147,velar
5148,firer
5149,pieta
5150,umbel
5151,campo
5152,unpeg
5153,fovea
5154,abeam
5155,boson
5156,asker
5157,goths
5158,vocab
5159,vined
5160,trows
5161,tikis
5162,loper
5163,indie
5164,boffs
5165,spang
5166,grapy
5167,tater
5168,ichor
5169,kilty
5170,lochs
5171,supes
5172,degas
5173,flics
5174,torsi
5175,beths
5176,weber
5177,resaw
5178,lawny
5179,coven
5180,mujik
5181,relet
5182,therm
5183,heigh
5184,shnor
5185,trued
5186,zayin
5187,liest
5188,barfs
5189,bassi
5190,qophs
5191,roily
5192,flabs
5193,punny
5194,okras
5195,hanks
5196,dipso
5197,nerfs
5198,fauns
5199,calla
5200,pseud
5201,lurer
5202,magus
5203,obeah
5204,atria
5205,twink
5206,palmy
5207,pocky
5208,pends
5209,recta
5210,plonk
5211,slaws
5212,keens
5213,nicad
5214,pones
5215,inker
5216,whews
5217,groks
5218,mosts
5219,trews
5220,ulnar
5221,gyppy
5222,cocas
5223,expos
5224,eruct
5225,oiler
5226,vacua
5227,dreck
5228,dater
5229,arums
5230,tubal
5231,voxel
5232,dixit
5233,beery
5234,assai
5235,lades
5236,actin
5237,ghoti
5238,buzzy
5239,meads
5240,grody
5241,ribby
5242,clews
5243,creme
5244,email
5245,pyxie
5246,kulak
5247,bocci
5248,rived
5249,duddy
5250,hoper
5251,lapin
5252,wonks
5253,petri
5254,phial
5255,fugal
5256,holon
5257,boomy
5258,duomo
5259,musos
5260,shier
5261,hayer
5262,porgy
5263,hived
5264,litho
5265,fisty
5266,stagy
5267,luvya
5268,maria
5269,smogs
5270,asana
5271,yogic
5272,slomo
5273,fawny
5274,amine
5275,wefts
5276,gonad
5277,twirp
5278,brava
5279,plyer
5280,fermi
5281,loges
5282,niter
5283,revet
5284,unate
5285,gyved
5286,totty
5287,zappy
5288,honer
5289,giros
5290,dicer
5291,calks
5292,luxes
5293,monad
5294,cruft
5295,quoin
5296,fumer
5297,amped
5298,shlep
5299,vinca
5300,yahoo
5301,vulva
5302,zooey
5303,dryad
5304,nixie
5305,moper
5306,iambs
5307,lunes
5308,nudie
5309,limns
5310,weals
5311,nohow
5312,miaow
5313,gouts
5314,mynas
5315,mazer
5316,kikes
5317,oxeye
5318,stoup
5319,jujus
5320,debar
5321,pubes
5322,taels
5323,defun
5324,rands
5325,blear
5326,paver
5327,goosy
5328,sprog
5329,oleos
5330,toffy
5331,pawer
5332,maced
5333,crits
5334,kluge
5335,tubed
5336,sahib
5337,ganef
5338,scats
5339,sputa
5340,vaned
5341,acned
5342,taxol
5343,plink
5344,oweth
5345,tribs
5346,resay
5347,boule
5348,thous
5349,haply
5350,glans
5351,maxis
5352,bezel
5353,antis
5354,porks
5355,quoit
5356,alkyd
5357,glary
5358,beamy
5359,hexad
5360,bonks
5361,tecum
5362,kerbs
5363,filar
5364,frier
5365,redux
5366,abuzz
5367,fader
5368,shoer
5369,couth
5370,trues
5371,guyed
5372,goony
5373,booky
5374,fuzes
5375,hurly
5376,genet
5377,hodad
5378,calix
5379,filer
5380,pawls
5381,iodic
5382,utero
5383,henge
5384,unsay
5385,liers
5386,piing
5387,weald
5388,sexed
5389,folic
5390,poxed
5391,cunts
5392,anile
5393,kiths
5394,becks
5395,tatty
5396,plena
5397,rebar
5398,abled
5399,toyer
5400,attar
5401,teaks
5402,aioli
5403,awing
5404,anent
5405,feces
5406,redip
5407,wists
5408,prats
5409,mesne
5410,muter
5411,smurf
5412,owest
5413,bahts
5414,lossy
5415,ftped
5416,hunky
5417,hoers
5418,slier
5419,sicks
5420,fatly
5421,delft
5422,hiver
5423,himbo
5424,pengo
5425,busks
5426,loxes
5427,zonks
5428,ilium
5429,aport
5430,ikons
5431,mulct
5432,reeve
5433,civvy
5434,canna
5435,barfy
5436,kaiak
5437,scudo
5438,knout
5439,gaper
5440,bhang
5441,pease
5442,uteri
5443,lases
5444,paten
5445,rasae
5446,axels
5447,stoas
5448,ombre
5449,styli
5450,gunky
5451,hazer
5452,kenaf
5453,ahoys
5454,ammos
5455,weeny
5456,urger
5457,kudzu
5458,paren
5459,bolos
5460,fetor
5461,nitty
5462,techy
5463,lieth
5464,somas
5465,darky
5466,villi
5467,gluon
5468,janes
5469,cants
5470,farts
5471,socle
5472,jinns
5473,ruing
5474,slily
5475,ricer
5476,hadda
5477,wowee
5478,rices
5479,nerts
5480,cauls
5481,swive
5482,lilty
5483,micks
5484,arity
5485,pasha
5486,finif
5487,oinky
5488,gutty
5489,tetra
5490,wises
5491,wolds
5492,balds
5493,picot
5494,whats
5495,shiki
5496,bungs
5497,snarf
5498,legos
5499,dungs
5500,stogy
5501,berms
5502,tangs
5503,vails
5504,roods
5505,morel
5506,sware
5507,elans
5508,latus
5509,gules
5510,razer
5511,doxie
5512,buena
5513,overs
5514,gutta
5515,zincs
5516,nates
5517,kirks
5518,tikes
5519,donee
5520,jerry
5521,mohel
5522,ceder
5523,doges
5524,unmap
5525,folia
5526,rawly
5527,snark
5528,topoi
5529,ceils
5530,immix
5531,yores
5532,diest
5533,bubba
5534,pomps
5535,forky
5536,turdy
5537,lawzy
5538,poohs
5539,worts
5540,gloms
5541,beano
5542,muley
5543,barky
5544,tunny
5545,auric
5546,funks
5547,gaffs
5548,cordy
5549,curdy
5550,lisle
5551,toric
5552,soyas
5553,reman
5554,mungy
5555,carpy
5556,apish
5557,oaten
5558,gappy
5559,aurae
5560,bract
5561,rooky
5562,axled
5563,burry
5564,sizer
5565,proem
5566,turfy
5567,impro
5568,mashy
5569,miens
5570,nonny
5571,olios
5572,grook
5573,sates
5574,agley
5575,corgi
5576,dashy
5577,doser
5578,dildo
5579,apsos
5580,xored
5581,laker
5582,playa
5583,selah
5584,malty
5585,dulse
5586,frigs
5587,demit
5588,whoso
5589,rials
5590,sawer
5591,spics
5592,bedim
5593,snugs
5594,fanin
5595,azoic
5596,icers
5597,suers
5598,wizen
5599,koine
5600,topos
5601,shirr
5602,rifer
5603,feral
5604,laded
5605,lased
5606,turds
5607,swede
5608,easts
5609,cozen
5610,unhit
5611,pally
5612,aitch
5613,sedum
5614,coper
5615,ruche
5616,geeks
5617,swags
5618,etext
5619,algin
5620,offed
5621,ninja
5622,holer
5623,doter
5624,toter
5625,besot
5626,dicut
5627,macer
5628,peens
5629,pewit
5630,redox
5631,poler
5632,yecch
5633,fluky
5634,doeth
5635,twats
5636,cruds
5637,bebug
5638,bider
5639,stele
5640,hexer
5641,wests
5642,gluer
5643,pilau
5644,abaft
5645,whelm
5646,lacer
5647,inode
5648,tabus
5649,gator
5650,cuing
5651,refly
5652,luted
5653,cukes
5654,bairn
5655,bight
5656,arses
5657,crump
5658,loggy
5659,blini
5660,spoor
5661,toyon
5662,harks
5663,wazoo
5664,fenny
5665,naves
5666,keyer
5667,tufas
5668,morph
5669,rajas
5670,typal
5671,spiff
5672,oxlip
5673,unban
5674,mussy
5675,finny
5676,rimer
5677,login
5678,molas
5679,cirri
5680,huzza
5681,agone
5682,unsex
5683,unwon
5684,peats
5685,toile
5686,zombi
5687,dewed
5688,nooky
5689,alkyl
5690,ixnay
5691,dovey
5692,holey
5693,cuber
5694,amyls
5695,podia
5696,chino
5697,apnea
5698,prims
5699,lycra
5700,johns
5701,primo
5702,fatwa
5703,egger
5704,hempy
5705,snook
5706,hying
5707,fuzed
5708,barms
5709,crink
5710,moots
5711,yerba
5712,rhumb
5713,unarc
5714,direr
5715,munge
5716,eland
5717,nares
5718,wrier
5719,noddy
5720,atilt
5721,jukes
5722,ender
5723,thens
5724,unfix
5725,doggo
5726,zooks
5727,diddy
5728,shmoo
5729,brusk
5730,prest
5731,curer
5732,pasts
5733,kelpy
5734,bocce
5735,kicky
5736,taros
5737,lings
5738,dicky
5739,nerdy
5740,abend
5741,stela
5742,biggy
5743,laved
5744,baldy
5745,pubis
5746,gooks
5747,wonky
5748,stied
5749,hypos
5750,assed
5751,spumy
5752,osier
5753,roble
5754,rumba
5755,biffy
5756,pupal
